date,breakfast_max,breakfast,breakfast_menu,lunch_max,lunch,lunch_menu,dinner_max,dinner,dinner_menu
2018-10-02,100,80,"흑미밥,쇠고기우거지국,새송이메추리알조림,건멸치고추장볶음,배추김치",400,390,"크림스파게티,오이피클,야채샐러드,배추김치,오징어먹물피자",400,289,"흑미밥,돈등뼈감자탕,마파두부,잡채,깍두기"
2018-10-03,100,50,"흰밥,조랭이떡국,고기말이,깻잎지,깍두기",400,372,"짜장밥,달걀파국,배추김치,단무지,양념만두",400,237,"흰밥,짬뽕순두부국,돈육고추장불고기,오이무침,배추김치"
2018-10-05,100,68,"흰밥,오징어찌개,달걀말이,숙주베이컨볶음,배추김치",400,335,"흰밥,아욱장국,매콤수육,야채쌈,막국수야채무침,배추김치",400,150,"흰밥,쇠고기무국,어묵커틀릿,통도라지구이,배추김치"
2018-10-06,100,41,"차조밥,콩나물김치국,비엔나케첩볶음,김구이,배추김치",250,181,"차조밥,장각삼계탕,모듬야채,쌈장,청경채무침,깍두기",250,175,"차조밥,감자다시마국,오리불고기,쌈무,양파부추무침,배추김치"
2018-10-07,100,95,"메이플피칸파이,콘프레이크,우유,케이준샐러드,사과",250,183,"콩나물밥,미역장국,모듬장아찌,부추김치전,배추김치",250,160,"흰밥,참치김치찌개,찜닭,얼갈이무침,깍두기"
2018-10-08,100,85,"흰밥,떡국,라운드햄구이,콩나물무침,배추김치",400,286,"흰밥,들깨무채국,돈육김치볶음,김구이,깍두기",400,315,"흰밥,알탕,닭갈비,오이무침,배추김치"
2018-10-09,100,42,"흑미밥,쇠고기무국,달걀찜,진미채고추장볶음,배추김치",400,276,"데미커리,부추달걀국,단무지,배추김치,핫도그,케첩",400,338,"흑미밥,참치김치찌개,돈가스,양상추샐러드,배추김치"
2018-10-10,180,145,"모닝빵,딸기잼,그래놀라,우유,케이준샐러드,사과",400,338,"흰밥,쇠고기미역국,단호박돼지갈비찜,도라지무침,배추김치",400,387,"흰밥,육개장,파채올린바싹불고기,미역줄기초무침,배추김치"
2018-10-11,100,77,"보리밥,닭곰탕,갈치무조림,김파래자반,배추김치",400,385,"보리밥,감자다시마국,오리주물럭,무쌈,파프리카브로콜리초회,배추김치",400,250,"보리밥,부대찌개,생선까스,쫄면야채무침,배추김치"
2018-10-12,100,50,"차조밥,꽃게탕,비엔나소세지볶음,감자조림,배추김치",400,300,"튀김새우우동,단무지,배추김치,불고기퀘사디아,요구르트",350,180,"차조밥,콩가루배추국,쇠고기버섯불고기,깻잎지,배추김치"
2018-10-13,100,56,"흰밥,북어국,베이컨숙주볶음,두부조림,배추김치",250,230,"김치볶음밥,우동국,단무지무침,배추김치,찐만두",250,200,"흰밥,순두부찌개,콩나물당면볶음,미트볼떡조림,배추김치"
2018-10-15,100,92,"흰밥,쇠고기무국,감자스팸조림,바나나,깻잎지",400,374,"오므라이스,우동맛국,배추김치,빨간고치어묵,망고주스",400,309,"흰밥,조랭이떡국,닭볶음탕,미역줄기양파볶음,배추김치"
2018-10-16,100,92,"흑미밥,배추장국,동그랑땡달걀전,케첩,진미채고추장볶음,배추김치",400,368,"흑미밥,설렁탕,소면사리,콩나물무침,김치전,깍두기",400,347,"흑미밥,짬뽕순두부국,멘츠카츠,야채샐러드,골뱅이야채무침,배추김치"
2018-10-17,100,98,"차조밥,감자다시마국,미트볼조림,건멸치볶음,배추김치",400,400,"빈달루커리,달걀파국,배추김치,닭다리살오븐구이,키위",400,380,"차조밥,아욱장국,돈육매콤갈비찜,도라지무침,배추김치"
2018-10-18,180,115,"촉촉한치즈케익,콘프레이크,우유,소시지샐러드,사과",400,405,"흰밥,미역장국,마늘삼겹구이,야채쌈,상추파채겉절이,배추김치",400,297,"흰밥,손만두국,어묵김치볶음,탕평채,석박지"
2018-10-19,100,55,"흰밥,북어국,떡갈비조림,브로콜리파프리카초회,배추김치",400,310,"짜장면,단무지,배추김치,양념만두,요구르트",350,243,"흰밥,부대찌개,숙주돈육볶음,매실간장마늘쫑무침,깍두기"
2018-10-20,100,31,"흑미밥,콩나물김치국,라운드햄구이,김파래자반,배추김치",250,187,"참치마요덮밥,유부팽이장국,배추김치,푸실리야채샐러드,화인쿨",250,173,"흑미밥,도토리무국,고등어무조림,달걀말이,석박지"
2018-10-21,120,56,"닭죽,모듬장아찌,배추김치,바나나,곡물럭키바",250,176,"보리밥,감자탕,어묵채볶음,가지나물,깍두기",250,235,"보리밥,청국장찌개,돈육고추장불고기,시금치무침,배추김치"
2018-10-22,100,71,"흰밥,무채장국,메추리알장조림,김구이,배추김치",400,347,"잡채덮밥,짬뽕국,단무지무침,배추김치,군만두",400,398,"흰밥,콩나물김치국,돈가스,아삭고추쌈장무침,깍두기"
2018-10-23,100,75,"흑미밥,떡국,오징어야채볶음,깻잎지,배추김치",400,410,"흑미밥,미역장국,보쌈,야채쌈,막국수야채무침,배추김치",400,392,"흰밥,얼큰쇠고기무국,치즈인치킨까스,참나물무침,배추김치"
2018-10-24,180,111,"식빵,딸기잼,크래놀라,우유,스크램블에그,과일샐러드",400,360,"차조밥,장각삼계탕,야채스틱,콩나물부추무침,깍두기",400,368,"차조밥,감자다시마국,오삼불고기,양배추쌈,오이도라지무침,배추김치"
2018-10-25,100,72,"흰밥,콩가루배추장국,달걀말이,가자미조림,배추김치",400,378,"미트볼스파게티,양송이스프,오이피클,배추김치,갈릭파이",400,365,"흰밥,꼬치어묵국,닭갈비,브로콜리파프리카초회,배추김치"
2018-10-26,100,78,"차조밥,표고버섯달걀국,참치김치볶음,두부구이,깍두기",400,320,"훈제오리볶음밥,양파달걀국,배추김치,소떡소떡,청포도맛주스",350,220,"차조밥,순대해장국,코다리살강정,시금치고추장무침,깍두기"
2018-10-27,100,52,"단호박죽,바나나,견과류,배추김치,사과주스",400,225,"흑미밥,된장찌개,파채닭강정,근대무침,배추김치",350,220,"흑미밥,들깨미역국,돈갈비묵은지찜,탕평채,깍두기"
2018-10-30,150,138,"모닝빵샌드위치,콘프레이크,우유,바나나,견과류",400,380,"흑미밥,쇠고기미역국,오리주물럭,무쌈,근대나물무침,배추김치",400,310,"흑미밥,감자다시마국,순대볶음,삼색묵무침,배추김치"
2018-10-31,100,117,"흰밥,닭곰탕,깐쇼새우칠리,매실간장마늘쫑무침,깍두기",430,430,"뉴욕핫도그,브로콜리스프,감자튀김,케첩,탄산음료,귤",400,350,"차조밥,배추장국,보쌈,야채쌈,무말랭이,배추겉절이"
2018-11-01,100,75,"흰밥,조랭이떡국,달걀말이,진미채고추장볶음,깍두기",400,388,"빈달루커리,미소된장국,단무지,배추김치,슈퍼슈프림피자",400,282,"흰밥,돈육김치찌개,파채올린바싹불고기,청경채무침,배추김치"
2018-11-02,100,52,"차조밥,사골국,김치어묵볶음,김파래자반,깍두기",300,220,"쇠고기볶음밥,우동맛국,배추김치,불닭교자만두,사과",300,140,"차조밥,오색감자옹심이,통살가득보리멸까스,도라지무침,배추김치"
2018-11-03,100,40,"흑미밥,표고버섯달걀국,라운드햄구이,콩나물무침,배추김치",300,119,"마파두부덮밥,팽이유부장국,배추김치,피망잡채,꽃빵,화인쿨",300,120,"흑미밥,꽃게된장찌개,닭날개데리야끼조림,아삭고추쌈장무침,배추김치"
2018-11-05,100,76,"흰밥,호박고추장찌개,연두부,양념간장,동그랑땡달걀전,배추김치",380,331,"흰밥,무채장국,매콤수육,야채쌈,상추파채겉절이,배추김치",380,378,"흰밥,수제비국,불닭볶음우동,시금치무침,배추김치"
2018-11-06,90,79,"흑미밥,꽃게된장찌개,돈육메추리알조림,숙주미나리무침,배추김치",380,370,"콩나물밥,팽이유부장국,배추김치,닭다리살오븐구이,청포도에이드",380,360,"흑미밥,부대찌개,두부커틀릿,골뱅이야채무침,깍두기"
2018-11-07,150,125,"메이플피칸파이,그레놀라,우유,치킨샐러드,사과",380,365,"찹쌀잡곡밥,쇠고기미역국,돈갈비김치찜,오징어젓갈,배추김치",380,307,"흰밥,닭개장,비엔나야채무침,고등어조림,배추김치"
2018-11-08,80,54,"보리밥,쇠고기무국,참치김치볶음,달걀후라이,깍두기",380,320,"보리밥,설렁탕,소면사리,어묵채볶음,아삭고추쌈장무침,깍두기",380,241,"보리밥,근대된장국,쭈꾸미불고기,미역줄기초무침,배추김치"
2018-11-09,80,56,"차조밥,배추장국,훈제오리볶음,모듬장아찌,깍두기",300,250,"날치알김치볶음밥,감자다시마국,배추김치,타코야끼,요구르트",300,213,"차조밥,도토리묵국,닭갈비,오징어부추전,배추김치"
2018-11-10,80,62,"크로와상,생크림,오곡체크책스,우유,꽃맛살샐러드,바나나",200,167,"자장밥,짬뽕국,단무지,배추김치,고구마맛탕",200,147,"흑미밥,조랭이떡국,오삼불고기.양배추쌈,진미채도라지무침,배추김치"
2018-11-11,80,24,"흰밥,콩나물김치국,생선커틀릿,소스,김구이,깍두기",200,131,"흰밥,떡국,함박스테이크,무말랭이무침,배추김치",200,127,"흰밥,느타리버섯찌개,꽁치구이,와사비간장,감자햄볶음,배추김치"
2018-11-12,90,78,"흰밥,북어국,달걀찜,콩나물무침,배추김치",400,384,"스팸마요덮밥,미소된장국,배추김치,양상추샐러드,소떡소떡",380,329,"흰밥,들깨무채국,제육볶음,김구이,배추김치"
2018-11-13,90,80,"흑미밥,닭곰국,감자볶음,진미채볶음,깍두기",380,347,"흑미밥,순대국,콩나물당면볶음,브로콜리파프리카초회,배추김치",370,335,"흑미밥,만두국,오리주물럭,무쌈,견과류멸치볶음,배추김치"
2018-11-14,140,132,"식빵,딸기잼,초코첵스,우유,브로콜리스프,과일샐러드",400,382,"카레라이스,양파달걀국,단무지,배추김치,바비큐폭립",350,299,"흰밥,감자고추장찌개,닭갈비,호박부추전,배추김치"
2018-11-15,90,65,"보리밥,새알심만두국,쇠고기메추리알조림,무말랭이무침,배추김치",390,348,"보리밥,쇠고기미역국,통살치킨볼강정,오이도라지무침,배추김치",320,265,"보리밥,짬뽕순두부국,파채떡갈비,시금치고추장무침,배추김치"
2018-11-16,80,57,"차조밥,김치콩나물국,칠리새우,아삭고추쌈장무침,배추김치",300,298,"크림스파게티,오이피클,배추김치,푸실리야채샐러드,갈릭파이",250,194,"차조밥,육개장,양파크런치탕수어,어묵김치볶음,깍두기"
2018-11-17,50,64,"아몬드머핀,아몬드후레이크,우유,마카로니콘샐러드,귤",200,156,"김밥볶음밥,우동맛국,배추김치,떡볶음,김말이튀김",180,160,"흑미밥,참치김치찌개,오꼬노미돈가스,매실간장마늘쫑무침,깍두기"
2018-11-18,80,52,"흰밥,오징어찌개,라운드램구이,깻잎지,배추김치",200,189,"튀김새우우동,단무지,배추김치,바나나,팝콘",200,192,"흰밥,아욱장국,매콤돈갈비찜,숙주미나리무침,배추김치"
2018-11-19,100,77,"흰밥,쇠고기무국,비엔나케첩조림,청경채무침,깍두기",400,380,"흰밥,미역장국,보쌈,야채쌈,배추겉절이,무말랭이무침",390,350,"흰밥,김치찌개,파닭,오이도라지무침,깍두기"
2018-11-20,100,93,"흑미밥,된장찌개,수랏간고기말이,애호박볶음,배추김치",400,402,"데미커리,미소장국,단무지,배추김치,슈퍼슈프림피자",390,378,"흑미밥,들깨무채국,쭈꾸미삼겹살볶음,근대나물,배추김치"
2018-11-21,140,106,"감자샌드위치,그래놀라,우유,양송이스프,귤",400,342,"흰밥,오색떡국,숙주돈육볶음,쪽파무침,배추김치",390,212,"흰밥,돼지국밥,미트볼조림,삼색묵무침,깍두기"
2018-11-22,80,36,"보리밥,표고버섯달걀국,오징어볶음,연두부,양념간장,배추김치",300,190,"훈제오리볶음밥,양파달걀국,배추김치,고구마맛탕,식혜",280,129,"보리밥,김치콩나물국,순대야채볶음,미역줄기초무침,깍두기"
2018-11-23,80,16,"차조밥,배추장국,어묵김치볶음,달걀말이,깍두기",200,135,"참치마요덮밥,팽이유부장국,배추김치,메밀전병,요구르트",200,157,"차조밥,쇠고기우거지국,맛쵸킹탕수육,열무나물,배추김치"
2018-11-24,60,34,"흰밥,감자다시마국,오리불고기,쌈무,모듬장아찌,배추김치",150,125,"날치알김치볶음밥,우동맛국,깍두기,만두그라탕,화인쿨",150,78,"흑미밥,육개장,임연수구이,콩나물무침,배추김치"
2018-11-25,80,30,"메이플피칸파이,초코첵스,우유,꽃맛살샐러드,바나나",200,90,"흰밥,감자탕,부들어묵볶음,시금치고추장무침,깍두기",200,120,"흰밥,해물된장찌개,돈육김치찜,김구이,깍두기"
2018-11-26,90,72,"흰밥,어묵국,동그랑땡,케첩,매실간장마늘쫑무침,배추김치",380,362,"돈가스덮밥,연두부미소장국,배추김치,단무지,귤",380,341,"흰밥,도토리묵국,닭갈비,막국수야채무침,배추김치"
2018-11-27,140,125,"후르츠생크림모닝빵,크래놀라,우유,바나나,견과류",400,382,"햄야채볶음밥,양파달걀국,배추김치,멕시칸함박스테이크,요구르트",350,302,"흑미밥,쇠고기미역국,돈갈비찜,청경채무침,배추김치"
2018-11-29,90,72,"보리밥,시금치장국,꽁치김치찜,메추리알장조림,깍두기",450,408,"새우미니핫도그,브로콜리스프,탄산음료,감자튀김,야채샐러드",350,235,"보리밥,삼색수제비국,마파두부,쇠고기잡채,배추김치"
2018-11-29,90,72,"보리밥,시금치장국,꽁치김치찜,메추리알장조림,깍두기",450,408,"새우미니핫도그,브로콜리스프,탄산음료,감자튀김,야채샐러드",350,235,"보리밥,삼색수제비국,마파두부,쇠고기잡채,배추김치"
2018-11-30,80,51,"차조밥,청국장찌개,돈육고추장찌개,콩나물무침,배추김치",250,255,"참치야채비빔밥,들개무채국,배추겉절이,밤찐빵,요구르트",200,195,"차조밥,짬뽕순두부국,닭다리살오븐구이,아삭고추쌈장무침,배추김치"
2018-12-01,60,30,"흰밥,새알심만두국,라운드햄구이,깻잎지,배추김치",180,149,"김밥볶음밥,우동맛국,배추김치,떡볶음,순대",180,137,"흑미밥,표고버섯달걀국,쇠고기납작당면볶음,골뱅이야채무침,배추김치"
2018-12-02,80,54,"프렌치토스트,우유,아몬드후레이크,푸실리야채샐러드,귤",200,152,"흰밥,닭곰국,두부커틀릿,진미채도라지무침,깍두기",200,189,"흰밥,된장찌개,오삼불고기,양배추쌈,무말랭이무침,배추김치"
2018-12-03,90,61,"흰밥,북어국,어묵김치볶음,달걀후라이,깍두기",380,378,"흰밥,미역장국,매콤수육,야채쌈,양파부추무침,배추김치",380,343,"흰밥,콩나물김치국,맛초킹탕수육,김구이,배추김치"
2018-12-04,170,120,"아몬드머핀,우유,초코첵스,케이준샐러드,귤",400,361,"흑미밥,설렁탕,부들어묵볶음,아삭고추쌈장무침,깍두기",370,367,"흑미밥,들깨무채국,닭갈비,멸치볶음,배추김치"
2018-12-05,100,76,"흰밥,오색떡국,비엔나케첩조림,갈치구이,배추김치",390,328,"흰밥,쇠고기미역국,돈갈비묵은지찜,숙주나물무침,깍두기",360,308,"흰밥,부대찌개,통살가득보리멸까스,막국수야채무침,배추김치"
2018-12-06,90,50,"보리밥,오징어찌개,쇠고기메추리알조림,감자채볶음,깍두기",390,385,"크림스파게티,오이피클,배추김치,푸실리야채샐러드,갈릭파이",320,248,"보리밥,호박고추장찌개,쭈꾸미삼겹살볶음,미역줄기초무침,배추김치"
2018-12-07,80,50,"차조밥,표고버섯달걀국,순대볶음,오이무침,배추김치",350,330,"쇠고기볶음밥,짬뽕국,배추김치,우리밀씨앗호떡,식혜",280,262,"차조밥,참치김치찌개,치즈인치킨까스,양배추샐러드,무말랭이무침"
2018-12-08,80,42,"흑미밥,아욱장국,칠리새우,진미채고추장볶음,배추김치",180,195,"오므라이스,우동맛국,배추김치,빨간꼬치어묵,화인쿨",200,168,"흑미밥,감자다시마국,치즈인치킨까스,양배추샐러드,무말랭이무침"
2018-12-09,80,41,"닭죽,오징어젓갈,배추김치,바나나,두유",200,191,"카레밥,양파달걀국,단무지,배추김치,치즈떡볶이",200,190,"흰밥,쇠고기우거지국,파채떡갈비,시금치고추장무침,배추김치"
2018-12-10,90,72,"흰밥,돈육김치찌개,연두부,양념간장,콩나물무침,깍두기",380,387,"치킨마요덮밥,팽이유부장국,단무지무침,배추김치,소떡소떡",380,320,"흰밥,물만두국,파채돈육볶음,근대나물,배추김치"
2018-12-11,90,98,"흑미밥,쇠고기무국,참치김치볶음,오꼬노미달걀말이,깍두기",400,410,"흑미밥,건새우아욱장국,마늘삼겹구이,야채쌈,상추파채무침,배추겉절이",370,310,"흑미밥,들깨미역국,치즈불닭,탕평채,배추김치"
2018-12-12,140,137,"메이플피칸파이,그래놀라,우유,케이준샐러드,바나나",390,347,"김밥볶음밥,양파달걀국,배추김치,떡볶음,고추스틱만두",360,295,"흰밥,돈등뼈감자탕,부들어묵볶음,매실간장마늘쫑무침,깍두기"
2018-12-13,80,38,"보리밥,연두부달걀국,미트볼야채조림,애호박새우젓볶음,배추김치",400,375,"보리밥,장각삼계탕,오징어김치전,꽈리고추찜,깍두기",320,278,"보리밥,꽃게된장찌개,순대볶음,맛살숙주무침,배추김치"
2018-12-14,80,57,"차조밥,김치콩가루국,훈제오리볶음,쌈무,양파부추무침,배추김치",350,325,"차조밥,미역장국,매콤갈비찜,사천식잡채,배추김치",320,191,"차조밥,짬뽕순두부국,가자미구이,매콤감자볶음,배추김치"
2018-12-15,80,32,"흑미밥,조랭이떡국,동그랑땡,케첩,골뱅이야채무침,배추김치",200,206,"콩나물밥,근대장국,배추김치,고등어조림,미니쌀찐빵",200,246,"흑미밥,참치김치찌개,파닭,미역줄기초무침,배추김치"
2018-12-16,100,73,"미니크로와상,생크림,아몬드후레이크,우유,소시지야채샐러드,귤",200,244,"해물자장밥,감자다시마국,배추김치,단무지,양념만두",200,268,"흰밥,닭곰탕,떡갈비조림,깻잎지,배추김치"
2018-12-17,80,87,"흰밥,어묵탕,라운드햄구이,멸치견과류볶음,배추김치",380,355,"흰밥,건새우아욱장국,매콤수육,야채쌈,상추파채무침,배추김치",380,385,"흰밥,순대국,안동찜닭,무말랭이무침,배추김치"
2018-12-18,90,75,"흑미밥,순두부찌개,오징어볶음,달걀후라이,배추김치",400,370,"스팸마요덮밥,미소장국,모듬장아찌,배추김치,전병",370,285,"흑미밥,들깨무채국,쇠고기당면볶음,진미채도라지무침,배추김치"
2018-12-19,140,110,"후르츠생크림모닝빵,초코첵스,우유,바나나,견과류",400,340,"카레밥,부추달걀국,단무지,배추김치,바비큐폭립",360,320,"흰밥,도토리묵국,닭갈비,막국수야채무침,배추김치"
2018-12-20,90,60,"보리밥,쇠고기무국,동그랑땡,케첩,매실간장마늘쫑무침,배추김치",370,320,"훈제오리볶음밥,미역장국,배추김치,스위트콘치킨샐러드,사과주스",340,260,"보리밥,참치김치찌개,오꼬노미돈가스,아삭고추쌈장무침,배추김치"
2018-12-24,80,40,"흰밥,떡국,어묵김치볶음,명엽채간장조림,깍두기",200,156,"자장밥,달걀파국,배추김치,단무지,양념만두",200,80,"흰밥,들깨미역국,오리주물럭,쌈무,양파부추무침,배추김치"
2018-12-25,80,25,"흑미밥,시금치장국,칠리새우,라운드햄구이,깍두기",200,90,"크림스파게티,오이피클,배추김치,푸실리야채샐러드,갈릭파이",200,80,"흑미밥,참치김치찌개,닭다리살오븐구이,콩나물무침,배추김치"
2018-12-26,100,30,"아몬드머핀,초코첵스,우유,마카로니샐러드,귤",200,70,"쇠고기볶음밥,우동맛국,배추김치,새우튀김,소스,식혜",100,26,"흰밥,미역장국,삼겹살고추장볶음,달걀말이,배추김치"
2019-02-27,200,68,"닭죽,오징어젓갈,배추김치,바나나,플레인맛음료",300,38,"데미커리,팽이유부장국,단무지,배추김치,매운꼬치어묵",300,172,"흰밥,들깨미역국,닭다리살오븐구이,콩나물부추무침,배추김치"
2019-02-28,200,85,"흑미밥,우거지해장국,깍두기,모듬장아찌,샐러드주스",100,28,"흑미밥,쇠고기무국,잡채,생선조림,김구이",300,137,"흑미밥,아욱장국,삼겹살구이,야채쌈,상추파채겉절이,배추김치"
2019-03-04,270,223,"쇠고기야채죽,배추김치,오징어젓갈,고구마치즈케익,사과주스",450,424,"제육비빔밥,들깨무채국,배추김치,딸기생크림와플,딸기맛우유",450,388,"흰밥,표고버섯달걀국,치즈닭갈비,콩나물무침,배추김치"
2019-03-05,250,188,"흑미밥,된장찌개,어묵김치볶음,달걀찜,깍두기",450,421,"크림스파게티,오이피클,야채샐러드,배추김치,갈릭파이",450,405,"흑미밥,참치김치찌개,돈가스,소스,고추장멸치볶음,깍두기"
2019-03-07,200,153,"차조밥,콩나물김치국,라운드햄구이,진미채고추장볶음,배추김치",430,408,"장각삼계탕,모듬야채,쌈장,매실간장마늘쫑무침,깍두기,푸딩",380,308,"차조밥,들깨무채국,돈육김치볶음,김구이,깍두기"
2019-03-11,200,173,"흰밥,북어국,동그랑땡달걀전,케첩,깻잎지,배추김치",400,365,"콩나물밥,연두부장국,배추김치,모듬장아찌,불고기만두그라탕",450,440,"흰밥,도토리묵국,잡채,돈육맛쵸킹강정,배추김치"
2019-03-13,200,135,"흰밥,배추장국,돈육김치볶음,두부구이,깍두기",450,368,"데미커리,팽이유부장국,단무지,배추김치,매우꼬치어묵",450,365,"흰밥,낙지연포탕,불고기납작당면볶음,청경채무침,배추김치"
2019-03-14,180,133,"닭죽,오징어젓갈,배추김치,바나나,견과류",380,328,"차조밥,설렁탕,어묵채볶음,아삭고추쌈장무침,깍두기",340,275,"차조밥,아욱장국,오삼불고기,양배추쌈,콩나물파채무침,배추김치"
2019-03-15,120,76,"흰밥,물만두국,비엔나케첩조림,시금치고추장무침,배추김치",310,282,"날치알김치볶음밥,우동맛국,깍두기,닭날개데리야끼조림,사과주스",250,217,"흰밥,등뼈감자탕,순대볶음,참치두부야채전,깍두기"
2019-03-18,180,145,"흰밥,김치어묵국,돈육고추장불고기,김구이,깍두기",410,375,"자장밥,달걀파국,배추김치,단무지,치즈핫도그",410,390,"흰밥,들깨무채국,닭볶음탕,두부커틀릿,깍두기"
2019-03-19,180,162,"쇠고기야채죽,배추김치,오징어젓갈,갈비군만두,요거타임",420,407,"훈제오리볶음밥,배추장국,배추김치,매실간장마늘쫑무침,소떡소떡",420,408,"흑미밥,아욱두부장국,삼겹살구이,야채쌈,상추파채겉절이,배추김치"
2019-03-20,160,123,"흰밥,꽃게탕,메추리알곤약조림,깻잎지,배추김치",420,388,"흰밥,쇠고기미역국,갈비찜,콩나물무침,배추김치",400,339,"흰밥,참치김치찌개,오꼬노미돈가스,미역줄기초무침,배추김치"
2019-03-21,160,122,"메이플피칸파이,씨리얼,우유,과일샐러드,견과류",380,334,"치킨마요덮밥,팽이유부장국,배추김치,모듬장아찌,떠먹는요구르트",310,280,"차조밥,조랭이떡국,에그함박스테이크,도토리묵무침,깍두기"
2019-03-22,100,59,"흰밥,쇠고기무국,가자미조림,진미채고추장볶음,배추김치",270,251,"토마토스파게티,양송이스프,오이피클,야채샐러드,갈릭파이",230,196,"흰밥,된장찌개,닭다리살오븐구이,감자볶음,배추김치"
2019-03-25,150,112,"흰밥,오징어무국,미트볼케첩조림,명엽채볶음,배추김치",370,339,"콩나물밥,달걀파국,돈육메추리알조림,오징어젓갈,배추김치",420,395,"흰밥,미역장국,매콤수육,야채쌈,막국수무침,배추김치"
2019-03-27,135,110,"흰밥,북어국,돈육김치볶음,연두부,양념간장,깍두기",400,375,"새우볶음밥,쌀국수,춘권튀김,칠리소스,배추김치,망고푸딩",380,353,"흰밥,순대해장국,오징어청파래까스,통도라지구이,깍두기"
2019-03-28,130,97,"불낙죽,배추김치,모듬장아찌,바나나,플레인요구르트",360,336,"오므라이스,팽이유부장국,배추김치,단무지,매운꼬치어묵",300,284,"흰밥,김치수제비국,훈제오리볶음,쌈무,양파부추무침,깍두기"
2019-03-29,90,75,"차조밥,물만두국,비엔나메추리알볶음,시금치쌈장무침,배추김치",280,216,"차조밥,짬뽕국,고추잡채,꽃빵,마파두부,깍두기",230,177,"차조밥,표고버섯달걀국,닭갈비,오이무침,배추김치"
2019-04-01,140,102,"흰밥,감자다시마국,햄야채볶음,김구이,배추김치",400,377,"스팸마요덮밥,팽이유부장국,야채샐러드,닭꼬치,요구르트",400,356,"흰밥,꽃게된장찌개,오삼불고기,양배추쌈,시금치쌈장무침,배추김치"
2019-04-02,170,140,"닭죽,배추김치,오징어젓갈,갈비군만두,요거타임",410,374,"흑미밥,미역장국,삼겹살구이,야채쌈,상추파채겉절이,배추김치",380,344,"흑미밥,참치김치찌개,통살가득보리멸까스,쫄면무침,깍두기"
2019-04-03,125,92,"흰밥,쇠고기무국,돈육메추리알조림,진미채고추장볶음,배추김치",400,362,"김밥볶음밥,우동맛국,배추김치,떡볶음,김말이튀김",390,319,"흰밥,아욱건새우장국,파채돈가스,도토리묵무침,배추김치"
2019-04-04,135,113,"츄잉도넛,아몬드후레이크,우유,바나나,견과류",340,322,"빈달루커리,달걀파국,배추김치,단무지,불고기퀘사디아",290,309,"흰밥,물만두국,닭찜,콩나물부추무침,배추김치"
2019-04-05,90,27,"차조밥,김치국,가자미조림,라운드햄구이,깍두기",290,245,"잔치국수,셀프김가루주먹밥,배추김치,전병,식혜",200,189,"차조밥,짬뽕순두부찌개,돈육김치찜,브로콜리파프리카초회,깍두기"
2019-04-08,130,89,"흰밥,북어국,동그랑땡달걀전,케첩,깻잎지,배추김치",400,368,"김치유부우동,단무지,맛김치,타코야끼,화인쿨",400,380,"흰밥,된장찌개,콩나물불고기,오이도라지무침,배추김치"
2019-04-09,170,155,"프렌치토스트,우유,초코첵스,곡물그대로,바나나",410,384,"흑미밥,표고버섯달걀국,닭갈비,숙주미나리무침,배추김치",400,385,"흑미밥,도토리묵국,돈육맛초코강정,감자볶음,깍두기"
2019-04-10,130,90,"흰밥,조랭이떡국,갈치무조림,김파래자반,배추김치",400,369,"잡곡밥,쇠고기미역국,갈비찜,무말랭이무침,배추김치",390,342,"흰밥,닭개장,어묵커틀릿,골뱅이야채무침,배추김치"
2019-04-11,120,97,"흰밥,쇠고기우거지국,떡갈비,시금치쌈장무침,깍두기",350,347,"소보로비빔밥,감자다시마국,배추김치,콘치즈오븐구이,청포도주스",290,303,"자장밥,달걀파국,배추김치,단무지,양념만두"
2019-04-12,90,48,"차조밥,콩나물국,달걀말이,낙지볶음,깍두기",300,246,"크림스파게티,오이피클,야채샐러드,배추김치,갈릭파이",220,249,"차조밥,호박고추장찌개,닭다리살오븐구이,탕평채,배추김치"
2019-04-15,130,79,"흰밥,쇠고기무국,어묵김치볶음,매실간장마늘쫑무침,깍두기",400,363,"치킨마요덮밥,연두부미역장국,배추김치,단무지무침,요거타임",400,354,"흰밥,들깨무채국,돈육김치찜,꽁치구이,와사비간장,깍두기"
2019-04-16,160,131,"쇠고기야채죽,오징어젓갈,깍두기,밀크초코바빵,인절미소이라떼",400,397,"흑미밥,청국장찌개,보쌈,야채쌈,무말랭이무침,겉절이김치",390,314,"흑미밥,부대찌개,두부커틀릿,소스,김구이,깍두기"
2019-04-17,130,79,"흰밥,표고버섯달걀국,미트볼케첩조림,콩나물무침,깍두기",390,340,"흰밥,콩가루배추장국,오리주물럭,무쌈,미역줄기초무침,깍두기",380,340,"흰밥,건새우아욱장국,쇠고기납작당면볶음,오이부추무침,배추김치"
2019-04-18,140,121,"후르츠생크림모닝빵,아몬드후레이크,우유,스위트콘치킨샐러드,견과류",340,332,"비빔밥,미역장국,배추김치,떠먹는요구르트,바나나",310,310,"흰밥,김치만두국,에그함박스테이크,도토리묵무침,까두기"
2019-04-19,90,56,"차조밥,순두부국,간장,옛날소세지달걀전,진미채고추장볶음,배추김치",300,276,"쇠고기볶음밥,양파달걀국,모듬장아찌,배추김치,매콤꼬치어묵",250,254,"차조밥,닭곰탕,순대볶음,깻잎지,깍두기"
2019-04-22,120,117,"흰밥,배추장국,돈육고추장볶음,달걀후라이,깍두기",390,347,"자장밥,양파달걀국,단무지,배추김치,치즈핫도그,케첩",400,364,"흰밥,참치김치찌개,파채돈까스,탕평채,깍두기"
2019-04-23,170,131,"메이플피칸파이,씨리얼,우유,옥수수콘샐러드,사과",390,330,"콩나물밥,아욱장국,돈육메추리알조림,오징어젓갈,배추김치",390,342,"흑미밥,들깨무채국,쇠고기야채불고기,깻잎지,배추김치"
2019-04-25,110,81,"흰밥,꽃게탕,데리야끼두부구이,감자볶음,배추김치",350,342,"제주고기국수,셀프김가루주먹밥,부추겉절이,야채피클,배추김치",300,217,"흰밥,무,배추장국,찜닭,실곤약야채무침,배추김치"
2019-04-26,90,34,"차조밥,조랭이떡국,어묵볶음,멸치고추장볶음,배추김치",280,234,"훈제오리볶음밥,미역장국,배추김치,김치전,초콜릿맛아이스크림",240,181,"차조밥,돈등뼈감자탕,갈치조림,소시지케첩볶음,깍두기"
2019-04-29,110,90,"흰밥,물만두국,햄야채볶음,아삭고추쌈장무침,배추김치",400,363,"빈달루커리,양파달걀국,단무지,배추김치,소떡소떡",400,340,"흰밥,다시마무국,닭갈비,브로콜리파프리카초회,배추김치"
2019-04-30,170,128,"미니크로와상,생크림,우유,씨리얼,꽃맛살샐러드,사과",400,377,"보리밥,된장찌개,매콤수육,야채쌈,무말랭이무침,배추김치",400,319,"보리밥,참치김치찌개,포테이토치킨까스,오이도라지무침,깍두기"
2019-05-01,120,37,"흑미밥,콩나물국,낙지볶음,달걀말이,배추김치",390,245,"크림스파게티,오이피클,야채샐러드,배추김치,갈릭파이",370,206,"흰밥,닭개장,마파두부,도토리묵참나물무침,깍두기"
2019-05-02,100,72,"차조밥,순두부찌개,미트볼떡조림,숙주미나리무침,배추김치",330,278,"차조밥,장각삼계탕,모듬야채스틱,쌈장,부들어묵볶음,깍두기",230,196,"차조밥,감자수제비,돈육김치찜,연근조림,석박지"
2019-05-03,90,41,"단호박죽,두유,배추김치,바나나,견과류",150,129,"추억의도시락비빔밥,들깨무채국,배추김치,새우튀김,소스,사과워터젤리",130,83,"흰밥,부대찌개,콩나물당면볶음,가자미카레구이,배추김치"
2019-05-07,120,95,"보리밥,북어국,두부구이,양념간장,오징어진미채볶음,배추김치",400,347,"콩나물밥,표고버섯달걀국,무말랭이무침,배추김치,불고기퀘사디아",400,387,"보리밥,미역장국,삼겹살구이,야채쌈,상추파채겉절이,배추김치"
2019-05-08,150,132,"감자샌드위치,우유,씨리얼,사과,견과류",400,320,"찹쌀잡곡밥,쇠고기미역국,매콤갈비찜,도라지무침,배추김치",390,326,"흰밥,건새우아욱장국,닭볶음탕,깻잎지,배추김치"
2019-05-09,110,82,"차조밥,참치김치찌개,떡갈비구이,부추무침,배추김치",340,294,"차조밥,떡국,오삼불고기,양배추쌈,매실간장마늘쫑무침,배추김치",290,219,"차조밥,순두부찌개,잡채,꽁치조림,석박지"
2019-05-10,90,37,"흰밥,배추장국,돈육메추리알조림,김구이,배추김치",270,199,"하이라이스,들깨무채국,배추김치,짬뽕소룡포,요거타임",240,156,"흰밥,순대국,어묵채볶음,아삭고추쌈장무침,깍두기"
2019-05-13,110,81,"흰밥,쇠고기무국,라운드햄구이,멸치볶음,배추김치",390,325,"흰밥,떡물만두국,돈육김치볶음,김구이,깍두기",400,353,"흰밥,육개장,파채올린바싹불고기,막국수야채무침,배추김치"
2019-05-14,100,86,"보리밥,목살김치찌개,조기구이,달걀말이,깍두기",400,390,"보리밥,미역장국,보쌈,야채쌈,무말랭이무침,배추겉절이",390,322,"보리밥,콩나물김치국,훈제오리볶음,쌈무,양파부추무침,배추김치"
2019-05-15,140,106,"모닝빵샌드위치,우유,씨리얼,사과,견과류",390,324,"흰밥,설렁탕,부들어묵볶음,아삭고추쌈장무침,깍두기",390,314,"흰밥,북어국,숙주돈육굴소스볶음,골뱅이야채무침,배추김치"
2019-05-16,100,75,"차조밥,표고버섯달걀국,폭찹스테이크,감자볶음,배추김치",340,332,"자장면,단무지,양념만두,배추김치,요구르트",300,263,"차조밥,꽃게탕,닭다리살오븐구이,시금치쌈장무침,배추김치"
2019-05-17,100,50,"쇠고기야채죽,배추김치,모듬장아찌,바나나,사과워터젤리",270,198,"흰밥,참치김치찌개,돈가스,오이무침,깍두기",240,201,"흰밥,꼬치어묵탕,낙지볶음,소면,마늘쫑볶음,석박지"
2019-05-20,100,69,"흰밥,된장찌개,쇠고기불고기,깻잎지,배추김치",400,353,"치킨마요덮밥,팽이유부장국,단무지,배추김치,매콤꼬치어묵",390,280,"흰밥,짬뽕국,고추잡채,꽃빵,마파두부,배추김치"
2019-05-21,150,103,"콘마요핫도그,쇠고기스프,꽃맛살샐러드,두유,사과",390,356,"콩나물밥,달걀파국,배추겉절이,떡볶음,김말이튀김",390,262,"보리밥,부대찌개,통살가득보리멸까스,감자볶음,깍두기"
2019-05-22,100,62,"흰밥,쇠고기무국,어묵김치볶음,연두부,양념간장,깍두기",390,342,"흰밥,꽃게된장국,삼겹살구이,야채쌈,상추파채겉절이,배추김치",380,228,"흰밥,들깨무채국,닭갈비,청경채무침,배추김치"
2019-05-23,90,46,"차조밥,물만두국,새송이메추리알장조림,미역줄기초무침,배추김치",330,302,"셀프김가루주먹밥,쌀국수,배추김치,춘권튀김,칠리소스,요거타임",230,226,"차조밥,목살김치찌개,에그함박스테이크,도토리묵무침,석박지"
2019-05-24,70,40,"흰밥,우거지해장국,가자미조림,숙주베이컨볶음,깍두기",230,209,"토마토스파게티,양송이스프,오이피클,야채샐러드,갈릭파이",180,160,"흰밥,들깨미역국,쭈꾸미돈육볶음,브로콜리파프리카초회,배추김치"
2019-05-27,100,80,"흰밥,콩나물국,참치김치찌개,달걀말이,깍두기",400,332,"흰밥,부대찌개,포테이토치킨까스,부들어묵볶음,석박지",400,370,"흰밥,된장찌개,보쌈,야채쌈,무말랭이무침,배추김치"
2019-05-28,150,141,"식빵,딸기잼,브로콜리스프,스크램블에그,우유,사과",400,387,"데미커리,미소장국,닭날개오븐구이,단무지,배추김치",400,322,"보리밥,건새우아욱장국,훈제오리볶음,쌈무,양파부추무침,배추김치"
2019-05-29,100,92,"흑미밥,오색떡국,수랏간고기말이,매실간장마늘쫑무침,배추김치",400,367,"새우볶음밥/자장소스,게살스프,배추김치,꿔바로우탕수육,리치",390,315,"흑미밥,돈등뼈감자탕,콩나물당면볶음,두부조림,깍두기"
2019-05-30,100,77,"쇠고기야채죽,배추김치,오징어젓갈,갈비군만두,요거타임",340,305,"차조밥,들깨무채국,돈육김치찜,시금치무침,석박지",290,244,"차조밥,얼큰쇠고기무국,닭볶음탕,연근조림,배추김치"
2019-05-31,90,42,"흰밥,순두부국,양념간장,낙지볶음,깻잎지,배추김치",250,260,"셀프김가루주먹밥,잔치국수,배추김치,포테이토명란크로켓,청포도주스",240,198,"김치볶음밥,달걀후라이,우동맛국,열무김치,모듬장아찌,치즈핫도그,케첩"
2019-06-03,90,69,"흰밥,감자다시마국,햄야채볶음,김구이,배추김치",390,312,"흰밥,참치김치찌개,함박스테이크/까르보나라소스,양파부추무침,석박지",390,341,"흰밥,장각삼계탕,어묵콩나물무침,아삭고추쌈장무침,깍두기"
2019-06-04,110,97,"보리밥,쇠고기우거지국,메추리알곤약조림,진미채고추장볶음,깍두기",400,397,"새우튀김우동,열무김치,단무지무침,전병,요구르트",390,320,"보리밥,청국장찌개,매콤갈비찜,탕평채,배추김치"
2019-06-05,150,106,"후르츠생크림모닝빵,초코첵스,우유,팝콘치킨샐러드,바나나",390,340,"찹쌀잡곡밥,쇠고기미역국,바비큐폭립,오이깍둑무침,배추김치",390,257,"흑미밥,닭곰탕,순대볶음,숙주맛살무침,깍두기"
2019-06-07,90,40,"흰밥,북어국,돈육김치볶음,연두부,양념간장,석박지",200,180,"자장밥,달걀파국,단무지,배추김치,양념만두",200,191,"흰밥,배추장국,치즈인치킨까스,오징어야채초무침,배추김치"
2019-06-10,100,98,"흰밥,어묵김치국,라운드햄구이,콩나물무침,깍두기",400,338,"카레라이스,부추달걀국,단무지,배추김치,소떡소떡",400,353,"흰밥,육개장,닭갈비,올방개묵김가루무침,석박지"
2019-06-11,170,124,"메이플피칸파이,아몬드후레이크,우유,꽃맛살샐러드,사과",400,304,"콩나물밥,들깨무채국,배추김치,오꼬노미야끼,아침햇살음료",390,330,"보리밥,참치김치찌개,돈가스,베이컨감자채볶음,깍두기"
2019-06-12,100,67,"흑미밥,쇠고기우거지국,멸치고추장볶음,달걀후라이,석박지",400,359,"토마토스파게티,양송이스프,오이피클,야채샐러드,오징어먹물피자",400,356,"흑미밥,된장찌개,삼겹살고추장볶음,시금치된장무침,배추김치"
2019-06-13,100,94,"닭죽,오징어젓갈,배추김치,바나나,불고기호떡만두",380,343,"차조밥,미역장국,매콤수육,야채쌈,무말랭이무침,배추겉절이",340,255,"차조밥,돈등뼈감자탕,갈치카레구이,비엔나야채볶음,석박지"
2019-06-17,100,87,"흰밥,쇠고기무국,스팸구이,어묵김치볶음,깍두기",360,292,"흰밥,북어국,돈육맛쵸킹강정,김구이,배추김치",360,304,"흰밥,된장찌개,닭볶음탕,오징어브로콜리숙회,배추김치"
2019-06-18,160,98,"감자샌드위치,씨리얼,우유,바나나,팝콘",390,320,"제육비빔밥,미역장국,배추김치,미숫가루,수박",360,285,"흰밥,부대찌개,통살가득보리멸까스,콩나물볶음,석박지"
2019-06-19,100,88,"흑미밥,물만두국,메추리알곤약장조림,진미채고추장볶음,배추김치",390,331,"후리가케밥,메밀소바,타코야끼,열무김치,청포도주스",370,315,"흑미밥,짬뽕순두부찌개,닭다리살오븐구이,깻잎지,배추김치"
2019-06-20,90,69,"차조밥,표고버섯달걀국,돈육김치찜,모듬장아찌,석박지",300,249,"자장밥,달걀파국,배추김치,단무지,핫도그,케첩",240,133,"차조밥,쇠고기미역국,함박스테이크,도토리묵치커리무침,배추김치"
2019-09-02,130,110,"흰밥,떡국,메추리알곤약조림,깻잎지,배추김치",380,377,"흰밥,미역장국,매콤수육,야채쌈,무말랭이무침,배추김치",380,322,"흰밥,표고버섯달걀국,오리주물럭,쌈무,양파부추무침,배추김치"
2019-09-03,180,126,"흑미밥,우거지해장국,부들어묵피망볶음,콩나물무침,석박지",380,367,"흑미밥,들깨무채국,닭갈비,근대된장무침,배추김치",380,347,"흑미밥,짬뽕순두부국,파채올린바싹불고기,매실간장마늘쫑무침,배추김치"
2019-09-04,180,134,"모닝빵샌드위치,초코첵스,우유,사과,견과류",380,352,"데미커리,달걀파국,단무지,배추김치,불고기퀘사디아",380,325,"흰밥,꽃게된장찌개,돈육김치볶음,김구이,석박지"
2019-09-05,130,103,"차조밥,감자다시마국,낙지볶음,달걀말이,배추김치",380,370,"토마토스파게티,배추김치,오이피클,푸실리야채샐러드,갈릭파이",380,286,"차조밥,부대찌개,돈가스,소스,도토리묵무침,깍두기"
2019-09-06,130,68,"장각닭죽,배추김치,모듬장아찌,바나나,두유",280,286,"스팸마요덮밥,팽이유부장국,배추김치,매콤꼬치어묵,화인쿨",230,218,"흰밥,돈등뼈감자탕,꽁치구이,와사비간장,비엔나소세지볶음,석박지"
2019-09-09,130,80,"흰밥,북어국,어묵김치볶음,두부구이,깍두기",380,351,"자장밥,달걀파국,단무지,배추김치,핫도그",380,304,"흰밥,들깨미역국,닭볶음탕,오이무침,배추김치"
2019-09-10,160,135,"메이플피칸파이,아몬드후레이크,우유,꽃맛살샐러드,바나나",380,367,"보리밥,된장찌개,삼겹살구이,야채쌈,상추파채겉절이,배추김치",380,260,"보리밥,육개장,통살보리멸까스,콩나물볶음,석박지"
2019-09-11,130,86,"흑미밥,배추장국,깐쇼새우,진미채도라지무침,배추김치",380,253,"흑미밥,설렁탕,어묵채볶음,아삭고추쌈장무침,깍두기",300,82,"흑미밥,닭곰탕,불낙볶음,미역줄기초무침,석박지"
2019-09-16,120,79,"흰밥,매콤어묵국,햄감자볶음,김구이,배추김치",380,327,"카레라이스,양파달걀국,단무지,배추김치,소떡소떡",380,315,"흰밥,부대찌개,포테이토치킨까스,깻잎지,석박지"
2019-09-17,130,113,"보리밥,쇠고기무국,가자미조림,홈소세지달걀전/케첩,배추김치",380,353,"콩나물밥,건새우아욱장국,닭다리살오븐구이,무말랭이무침,배추김치",380,321,"보리밥,조랭이떡국,돈육김치찜,연근조림,깍두기"
2019-09-18,160,127,"미니크로와상/생크림,우유,시리얼,스크램블에그,사과",380,318,"찹쌀잡곡밥,미역국,매콤갈비찜,오이도라지무침,배추김치",380,268,"흰밥,닭개장,탕평채,오징어브로콜리숙회,배추김치"
2019-09-19,120,97,"차조밥,물만두국,견과류멸치볶음,김파래자반,배추김치",380,344,"크림스파게티,오이피클,야채샐러드,배추김치,갈릭파이",330,259,"차조밥,돈등뼈감자탕,콩나물당면볶음,두부조림,배추김치"
2019-09-20,100,69,"쇠고기야채죽,배추김치,오징어젓갈,바나나,두유",300,255,"김밥볶음밥,우동맛국,배추김치,떡볶이,김말이튀김",280,226,"흑미밥,표고버섯달걀국,치즈닭갈비,꽈리고추찜,배추김치"
2019-09-23,90,74,"흰밥,감자다시마국,돈육김치볶음,달걀말이,깍두기",380,360,"소보로비빔밥,콩나물국,배추김치,불만두,포도",380,312,"흰밥,무들깨국,로제찜닭,숙주맛살무침,배추김치"
2019-09-24,120,100,"보리밥,쇠고기우거지국,조기구이,메추리알곤약조림,배추김치",380,337,"자장밥,양파달걀국,단무지,배추김치,뱅글뱅글소시지",380,373,"보리밥,미역장국,매콤수육/야채쌈,막국수야채무침,배추김치"
2019-09-25,140,120,"식빵,딸기잼,양송이스프,스크램블에그,우유,과일샐러드",380,284,"흰밥,된장찌개,오삼불고기/양배추쌈,올방개김가루무침,배추김치",360,314,"흰밥,김치수제비국,훈제오리볶음,쌈무,양파부추무침,깍두기"
2019-09-26,110,86,"차조밥,떡국,비엔나케첩조림,시금치쌈장무침,배추김치",380,291,"차조밥,장각삼계탕,어묵콩나물볶음,아삭고추쌈장무침,깍두기",280,226,"차조밥,짬뽕순두부찌개,떡갈비김치볶음,미역줄기볶음,석박지"
2019-09-27,90,60,"단호박죽,배추김치,바나나,견과류,두유",280,231,"김치볶음밥/달걀후라이,우동맛국,마늘쫑무침,석박지,새우튀김",260,168,"흑미밥,도토리묵국,순대야채볶음,두부양념조림,배추김치"
2019-09-30,90,65,"흰밥,북어국,동그랑땡달걀전,케첩,깻잎지,배추김치",370,336,"흰밥,참치김치찌개,돈가스/소스,꽈리고추찜,깍두기",380,327,"흰밥,해물된장찌개,닭강정,감자볶음,배추김치"
2019-10-02,110,81,"흰밥,아욱장국,어묵김치볶음,김파래자반,깍두기",360,286,"치킨마요덮밥,팽이유부장국,배추김치,단무지무침,요거타임",330,181,"흰밥,들깨미역국,콩나물불고기,진미채고추장볶음,배추김치"
2019-10-04,90,59,"흑미밥,쇠고기우거지국,스팸구이,멸치견과류볶음,배추김치",260,156,"잔치국수,셀프김가루주먹밥,배추김치,전병,식혜",150,112,"흑미밥,닭개장,고등어조림,잡채,배추김치"
2019-10-07,90,72,"흰밥,콩가루배추국,비엔나메추리알볶음,오징어젓갈무침,배추김치",350,317,"콩나물밥,감자다시마국,장각볼케이노소스구이,매실간장마늘쫑무침,배추김치",340,324,"흰밥,새알심만두국,쇠고기표버섯볶음,통도라지양념구이,배추김치"
2020-11-03,80,77,"흑미밥,순두부찌개,옛날소세지달걀전,새송이버섯고추장구이,배추김치",150,149,"스팸마요덮밥,팽이유부장국,양상추샐러드,매운꼬치어묵,배추김치",150,149,"흑미밥,부대찌개,치즈인치킨까스/소스,도라지오이무침,배추김치"
2020-11-05,80,81,"차조밥,배추된장국,마약계란장,가자미카레구이,석박지",145,142,"토마토스파게티,허니갈릭파이,오이피클,배추김치,청포도주스",120,118,"차조밥,돈등뼈감자탕,두부조림,취나물무침,깍두기"
2020-11-09,80,84,"흰밥,어묵국,참치김치볶음,달걀말이,석박지",145,137,"흰밥,된장찌개,오삼불고기,양배추쌈,쌈장,매실간장마늘쫑무침",150,142,"흰밥,부대찌개,통살보리멸까스/소스,쫄면야채무침,배추김치"
2020-11-11,65,64,"차조밥,순두부국,새송이두부조림,스팸구이,건멸치고추장볶음",150,153,"차조밥,설렁탕,매실양념무말랭이,아삭고추쌈장무침,깍두기",150,141,"차조밥,브로콜리크림스프,돈가스/소스,양상추샐러드,단무지"
2020-11-16,60,56,"흰밥,쇠고기무국,옛날소세지달걀전,깻잎지,배추김치",140,133,"흰밥,참치김치찌개,오리주물럭/쌈무,양파부추무침,배추김치",150,126,"흰밥,육개장,순대볶음,오이도라지무침,배추김치"
2020-11-18,60,65,"차조밥,조랭이떡국,메추리알무조림,오징어야채볶음,배추김치",150,135,"소보로비빔밥,들깨무채국,배추김치,소떡소떡,사과주스",150,121,"차조밥,알탕,제육볶음,청경채무침,배추김치"
2020-11-23,60,50,"흰밥,된장찌개,비엔나소세지야채볶음,달걀후라이,배추김치",140,116,"흰밥,장각삼계탕,볼어묵볶음,매실간장마늘쫑무침,깍두기",140,114,"흰밥,건다시마무채국,쇠고기불고기,브로콜리파프리카초회,배추김치"
2020-11-25,60,50,"차조밥,얼큰버섯찌개,돈육쭈꾸미볶음,콩자반,배추김치",150,130,"크림스파게티,허니갈릭파이,양상추샐러드,오이피클,배추김치",150,110,"차조밥,참치김치찌개,핫크리스피치킨,양파크리미소스,매콤콩나물무침"
2020-11-30,60,52,"흰밥,된장찌개,숙주맛살무침,스크램블에그,배추김치",140,121,"흰밥,새알심만두국,돈육김치볶음,김구이,깍두기",160,162,"흰밥,해물순두부찌개,치즈인치킨까스/소스,미역줄기볶음,배추김치"
2020-12-02,60,50,"보리밥,감자고추장찌개,견과류멸치볶음,달걀후라이,배추김치",150,139,"자장면,단무지,배추김치,군만두,요거얌얌",150,136,"보리밥,브로콜리크림스프,돈까스,양상추샐러드,오이피클"
2020-12-03,60,20,"차조밥,쇠고기미역국,파채바싹불고기,시금치고추장무침,배추김치",150,140,"카레라이스,우동맛국,치즈떡볶이,단무지,배추김치",140,130,"흑미밥,닭개장,꿔바로우탕수육,두부팽이버섯조림,배추김치"
2020-12-07,60,40,"흰밥,오징어무국,깐메추리알곤약조림,감자볶음,배추김치",140,143,"콩나물밥,들깨무채국,장각오븐구이,오징어젓갈,배추김치",140,138,"흰밥,된장삼색수제비국,돈육김치찜,두부구이,깍두기"
2020-12-09,60,35,"보리밥,꽃게탕,떡갈비,깻잎지,배추김치",150,151,"보리밥,미역장국,매콤수육,야채쌈,쌈장,매실양념무말랭이,배추김치",150,154,"보리밥,부대찌개,파닭,오이도라지무침,배추김치"
2020-12-10,50,35,"흑미밥,육개장,고등어조림,달걀찜,깍두기",140,121,"꼬마주먹밥,새우튀김우동,단무지,배추김치,초콜릿드링크",140,125,"흑미밥,양송이스프,함박스테이크,양상추샐러드,오이피클"
2020-12-14,50,30,"흰밥,얼큰콩나물국,쇠고기장조림,가지나물무침,배추김치",140,104,"흰밥,된장찌개,오삼불고기,양배추쌈,쌈장,매실간장마늘쫑무침",140,115,"흰밥,들깨무채국,로제찜닭,브로콜리파프리카초회,배추김치"
2020-12-16,40,25,"차조밥,조랭이떡국,멸치고추장볶음,느타리부추전/간장양념,깍두기",110,95,"차조밥,아욱된장국,돈육김치찜,사각어묵곤약볶음,깍두기",80,76,"차조밥,도토리묵국,생선까스/소스,비빔만두,배추김치"
2021-03-08,120,110,"흰밥,북어국,멸치견과류볶음,매콤콩나물무침,배추김치",200,156,"흰밥,근대된장국,쇠고기당면볶음,브로콜리파프리카초회,배추김치",190,144,"흰밥,육개장,파채올린바싹불고기,깻잎지,배추김치"
2021-03-08,70,65,"흰밥,쇠고기무국,멸치고추장볶음,비엔나소세지케첩조림,배추김치",250,242,"흰밥,아욱건새우장국,돈육김치볶음,김구이,석박지",250,247,"흰밥,호박고추장찌개,오리불고기/쌈무,연근조림,배추김치"
2021-03-09,80,76,"모닝빵샌드위치,우유,아몬드후레이크,꽃맛살샐러드,사과",260,250,"보리밥,장각삼계탕,사각어묵볶음,아삭고추쌈장무침,깍두기",260,252,"보리밥,오색감자옹심이국,파채올린바싹불고기,청경채무침,깍두기"
2021-03-10,80,66,"차조밥,육개장,떡갈비,깻잎지,배추김치",250,248,"차조밥,참치김치찌개,오삼불고기/양배추쌈,미역줄기초무침,석박지",230,218,"차조밥,알탕,콩나물잡채,두부팽이버섯조림,깍두기"
2021-03-11,80,58,"현미찹쌀밥,된장찌개,조기구이,김파래자반,배추김치",250,244,"현미찹쌀밥,브로콜리크림스프,돈까스,양상추샐러드,오이피클",220,210,"현미찹쌀밥,도토리묵국,탕수육,오이도라지무침,석박지"
2021-03-15,80,63,"흰밥,쇠고기된장찌개,깐메추리알곤약조림,감자볶음,배추김치",240,219,"흰밥,미역장국,돈갈비김치찜,근대나물무침,깍두기",240,216,"흰밥,호박고추장찌개,생선까스/소스,쫄면야채무침,배추김치"
2021-03-16,70,73,"보리밥,물만두국,달걀찜,베이컨숙주볶음,배추김치",250,236,"보리밥,설렁탕,부들어묵볶음,오징어젓갈,깍두기",250,233,"햄김치볶음밥,유부팽이버섯,단무지,떡볶이,김말이튀김"
2021-03-18,70,52,"차조밥,느타리버섯찌개,찹스테이크,두부구이/양념간장,배추김치",250,235,"제주고기국수,꼬마주먹밥,봄동겉절이,배추김치,요구르트",200,198,"차조밥,삼색수제비국,콩나물당면볶음,꽁치구이/와사비간장,배추김치"
2021-03-19,60,43,"닭죽,매실양념무말랭이,배추김치,바나나,하늘견과",200,176,"흑미밥,배추된장국,쇠고기불고기,야채쌈,쌈장,도라지진미채무침",150,139,"흑미밥,돈등뼈감자탕,미트볼떡조림,시금치나물무침,깍두기"
2021-03-22,70,61,"흰밥,얼큰쇠고기무국,김치어묵볶음,콩자반,배추김치",230,193,"흰밥,해물된장찌개,제육볶음,가지나물무침,배추김치",230,202,"흰밥,들깨무채국,닭찜,깻잎지,배추김치"
2021-03-23,80,62,"보리밥,순두부찌개,콩나물무침,코다리무조림,배추김치",240,214,"보리밥,순대국,깐메추리알마약장,아삭고추쌈장무침,깍두기",240,238,"보리밥,부대찌개,함박스테이크,느타리두루치기,배추김치"
2021-03-25,70,48,"현미찹쌀밥,냉이된장국,옛날소세지전,명엽채볶음,배추김치",230,206,"현미찹쌀밥,미역장국,매콤수육,야채쌈,쌈장,매실양념무말랭이",200,174,"현미찹쌀밥,만두국,두부팽이버섯조림,마늘쫑소시지볶음,배추김치"
2021-03-29,70,67,"흰밥,북어국,숙주맛살무침,감자햄볶음,배추김치",220,211,"흰밥,새알심만두국,오리고기부추무침,연근조림,배추김치",220,234,"흰밥,스팸김치찌개,대패삼겹살볶음,유채나물무침,석박지"
2021-03-31,70,64,"현미찹쌀밥,봄동들깨국,참치김치볶음,양배추달걀전,석박지",240,244,"토마토스파게티,양상추샐러드,오이피클,배추김치,오징어먹물치즈피자",240,219,"현미찹쌀밥,쇠고기무국,맛쵸킹탕수육,막국수야채무침,배추김치"
2021-04-01,60,45,"흑미밥,닭곰탕,갈치카레구이,김파래자반,석박지",240,225,"콩나물밥,냉이국,장각오븐구이,오징어젓갈,배추김치",210,184,"흑미밥,꽃게탕,순대볶음,탕평채,배추김치"
2021-04-05,70,54,"흰밥,얼큰어묵국,두부조림,오징어부추전,배추김치",220,207,"흰밥,우거지해장국,돈육간장불고기,오이달래무침,깍두기",240,226,"카레라이스,표고버섯달걀국,단무지,배추김치,불고기퀘사디아"
2021-04-12,70,45,"흰밥,오징어무국,두부조림,시금치베이컨볶음,배추김치",220,226,"흰밥,호박고추장찌개,김치제육볶음,실곤약마요무침,석박지",250,251,"미트볼스파게티,오이피클,배추김치,허니갈릭파이,요구르트"
2021-04-14,70,68,"찰기장밥,참치김치찌개,멸치고추장볶음,옛날소세지달걀전,석박지",260,254,"자장면,단무지,배추김치,군만두,양념간장,요구르트",240,237,"찰기장밥,느타리버섯찌개,닭볶음탕,미역줄기볶음,배추김치"
2021-04-15,70,50,"보리밥,꽃게탕,깐메추리알마약장,깻잎지,배추김치",240,222,"보리밥,육개장,쭈꾸미돈육볶음,청경채무침,깍두기",230,254,"날치알김치볶음밥,팽이된장국,떡볶이,닭가슴살샐러드,석박지"
2021-04-19,70,75,"흰밥,얼큰콩나물국,떡갈비,오징어미나리초무침,배추김치",280,274,"흰밥,달래고추장찌개,돼지갈비찜,도라지무침,배추김치",320,314,"흰밥,부대찌개,매콤크런치생선까스,막국수야채무침,석박지"
2021-04-20,100,62,"찰기장밥,오색감자옹심이국,우리떡명태살두부전,깻잎지,배추김치",320,270,"찰기장밥,순두부찌개,찜닭,브로콜리파프리카초회,배추김치",320,290,"카레라이스,우동국,단무지,배추김치,타코야끼"
2021-04-21,100,86,"모닝빵샌드위치,크루통스프,우유,삼색푸실리샐러드,사과",320,302,"제육덮밥,팽이된장국,배추김치,소떡소떡,요구르트",300,261,"보리밥,배추된장국,오리불고기/쌈무,아삭고추쌈장무침,석박지"
2021-04-22,80,52,"차조밥,쇠고기미역국,삼치데리야끼구이,어묵감자볶음,배추김치",260,246,"차조밥,뚝배기육개장,깐메추리알마약장,건새우마늘쫑볶음,깍두기",260,247,"차조밥,참치김치찌개,반반치킨,도토리묵치커리무침,깍두기"
2021-04-26,80,59,"흰밥,조랭이떡국,달걀찜,어묵김치볶음,석박지",230,197,"흰밥,미역된장국,오삼불고기/양배추쌈,가지나물볶음,배추김치",250,216,"흰밥,감자고추장찌개,닭갈비,마늘쫑소시지볶음,배추김치"
2021-04-28,80,59,"흑미밥,된장찌개,가자미카레구이,김파래자반,배추김치",240,226,"흑미밥,우리쌀포테이토크림스프,돈가스/소스,양배추샐러드,시금치나물무침",260,234,"흑미밥,장각삼계탕,부들어묵볶음,아삭고추쌈장무침,생크림와플"
2021-04-29,80,56,"현미찹쌀밥,떡국,찹스테이크,콩나물무침,배추김치",200,186,"현미찹쌀밥,낙지연포탕,돈육김치볶음,큐브컬러김가루무침,석박지",200,169,"짜장밥,팽이된장국,단무지,배추김치,궁중떡볶이"
2021-05-03,60,46,"흰밥,어묵탕,돈육김치볶음,두부구이,깍두기",200,175,"흰밥,참치김치찌개,콩나물불고기,시금치나물무침,석박지",195,192,"흰밥,쇠고기무국,치즈인치킨까스/소스,오이도라지무침,배추김치"
2021-05-04,70,46,"현미찹쌀밥,닭곰탕,낙지채볶음,도토리묵무침,배추김치",210,209,"햄김치볶음밥,양파달걀국,떡볶이,석박지,컵아이스크림",210,202,"토마토스파게티,양상추샐러드,오이피클,배추김치,허니갈릭파이"
2021-05-06,60,41,"찰기장밥,돼지고기김치찌개,진미오징어채볶음,달걀후라이,떠먹는요구르트",180,165,"찰기장밥,순대국,옛날소세지달걀전,아삭고추쌈장무침,깍두기",160,140,"찰기장밥,육개장,포테이토함박스테이크,참나물무침,배추김치"
2021-05-10,60,37,"흰밥,쇠고기된장찌개,멸치견과류볶음,콩나물무침,배추김치",220,195,"흰밥,들깨무채국,대패삼겹살볶음,미역줄기초무침,배추김치",210,198,"흰밥,양송이스프,돈가스/소스,양배추샐러드,단무지,배추김치"
2021-05-11,60,40,"흑미밥,꽃게탕,돈육김치볶음,두부시금치무침,깍두기",230,198,"흑미밥,감자고추장찌개,찜닭,브로콜리파프리카초회,배추김치",230,215,"흑미밥,부대찌개,반반치킨,연근조림,석박지"
2021-05-13,60,35,"찰기장밥,순두부찌개,햄감자채볶음,깻잎지,배추김치",200,194,"찰기장밥,미역장국,돼지갈비찜,오이무침,배추김치",180,175,"찰기장밥,느타리버섯쇠고기국,오리훈제,쌈무,양파부추무침,배추김치"
2021-05-14,50,41,"쇠고기야채죽,오징어젓갈,배추김치,바나나,두유",190,160,"카레라이스,새알심만두국,단무지,배추김치,불고기퀘사디아",130,122,"보리밥,돈등뼈감자탕,꽁치구이/와사비간장,야채비빔만두,깍두기"
2021-05-17,60,36,"흰밥,호박고추장찌개,돈육메추리알장조림,두부양파조림,배추김치",200,179,"흰밥,미역장국,삼겹살오븐구이,야채쌈,쌈장,오징어젓갈",240,204,"콩나물밥,팽이버섯된장국,장각오븐구이,매실양념무말랭이,배추김치"
2021-05-20,60,43,"보리밥,목살김치찌개,달걀찜,오징어숙회,배추김치",210,170,"보리밥,오색감자옹심이국,생선까스/소스,쫄면야채무침,배추김치",200,203,"크림스파게티,양상추샐러드,오이피클,배추김치,오징어먹물치즈피자"
2021-05-21,60,30,"찰기장밥,북어국,동그랑땡달걀전,케첩,매콤어묵볶음,배추김치",190,181,"색동꼬치어묵우동,단무지,배추김치,메이플피칸파이,오렌지",160,160,"찰기장밥,물만두국,돈육김치볶음,김구이,석박지"
2021-05-24,60,44,"흰밥,들깨무채국,김치제육볶음,연두부/양념간장,깍두기",200,191,"흰밥,콩나물무채국,닭볶음탕,참나물무침,배추김치",230,215,"흰밥,브로콜리크림스프,돈가스/소스,마카로니콘샐러드,시금치나물무침"
2021-05-25,60,39,"흑미밥,감자고추장찌개,어두부전,가지나물볶음,배추김치",230,216,"짜장밥,양파달걀국,단무지,배추김치,타코야끼",260,232,"흑미밥,장수제비,핫크리스피치킨,양파크리미소스,견과류멸치볶음"
2021-05-27,60,36,"찰기장밥,떡국,조기구이,사각어묵볶음,배추김치",240,214,"훈제오리볶음밥,팽이버섯된장국,양상추샐러드,우리밀쿠키앤크림슈,배추김치",200,199,"찰기장밥,알탕,두부조림,미역줄기볶음,깍두기"
2021-05-31,60,41,"흰밥,오징어무국,깐메추리알곤약조림,감자볶음,배추김치",210,208,"흰밥,근대된장국,오리주물럭/쌈무,양파부추무침,배추김치",250,221,"흰밥,부대찌개,포테이토함박스테이크,시금치나물무침,석박지"
2021-06-01,60,38,"차조밥,조랭이떡국,돈육김치볶음,김구이,깍두기",260,223,"차조밥,들깨무채국,닭갈비,청경채무침,배추김치",260,226,"차조밥,순대국,아삭이고추쌈장무침,고로케,케첩,깍두기"
2021-06-03,60,45,"보리밥,참치김치찌개,조기구이,달걀찜,깍두기",240,213,"쇠고기볶음밥,메밀소바,단무지,열무김치,소떡소떡",210,212,"보리밥,목살김치찌개,두부조림,비엔나소세지야채볶음,석박지"
2021-06-07,60,60,"흰밥,순두부국,우리떡명태살두부전,콩나물무침,배추김치",255,258,"흰밥,오징어무국,대패삼겹살고추장볶음,근대나물무침,배추김치",300,268,"흰밥,목살김치찌개,반반치킨,쫄면야채무침,배추김치"
2021-06-08,100,100,"초코칩머핀,우유,초코첵스,케이준샐러드,삶은달걀",280,241,"보리밥,부대찌개,쇠고기불고기,깐메추리알마약장,배추김치",300,268,"보리밥,도토리묵국,맛쵸킹탕수육,비빔만두,배추김치"
2021-06-09,100,100,"현미찹쌀밥,꽃게탕,떡갈비,달걀찜,배추김치",280,242,"현미찹쌀밥,돈가스/소스,브로콜리크림스프,양상추샐러드,시금치나물무침",280,250,"콩나물밥,근대된장국,닭날개오븐구이,오이무침,배추김치"
2021-06-10,60,41,"차조밥,호박고추장찌개,제육볶음,깻잎지,배추김치",260,249,"차조밥,쇠고기미역국,닭갈비,칼집비엔나소세지야채볶음,배추김치",230,196,"차조밥,참치김치찌개,돈육간장불고기,큐브컬러묵김가루무침,깍두기"
2021-06-17,50,34,"차조밥,호박고추장찌개,제육볶음,가자미카레구이,배추김치",150,157,"햄김치볶음밥,양파달걀국,닭가슴살샐러드,모듬떡,깍두기",120,120,"차조밥,돈등뼈감자탕,오징어야채볶음,떡볶이,김말이튀김,배추김치"
